{"cameraMode":{"drawMode":0,"name":"Shaded","section":"Shading Mode"},"sceneLighting":true,"audioPlay":false,"sceneViewState":{"m_AlwaysRefresh":false,"showFog":true,"showSkybox":true,"showFlares":true,"showImageEffects":true,"showParticleSystems":true,"showVisualEffectGraphs":true,"m_FxEnabled":true},"in2DMode":false,"pivot":{"x":-0.32266801595687868,"y":13.771740913391114,"z":169.90179443359376},"rotation":{"x":-0.21215268969535829,"y":0.017195258289575578,"z":-0.0037325737066566946,"w":-0.9770827293395996},"size":94.06453704833985,"orthographic":false}